index,교차로명,관측사고,SPF_기대사고,관측연도수,theta_사후_shape,theta_사후_rate,EB_위험배수,EB_위험배수_90CI_하한,EB_위험배수_90CI_상한,P_초과위험,P_실질초과위험_1_25배,EB_사고,EB_초과사고,초과위험_순위
26,북부지하차도4,86.39722599197692,31.153556874092832,4.0,86.92251884274123,31.678849724857134,2.7438660051642145,2.278377131771166,3.2452248158442116,0.9999999999999994,0.9999999999424111,85.48118564677326,54.32762877268043,1
57,일봉산4,141.0,66.65299573471037,6.0,141.5252928507643,67.17828858547468,2.1067117938066224,1.8241335769999971,2.406209067907376,0.999999999999998,0.9999999934327007,140.41865220685685,73.76565647214647,2
34,서부대로사거리,128.60984368913736,63.33662974015189,5.0,129.13513653990165,63.861922590916194,2.0220991053950828,1.7385781119491832,2.3234171105000794,0.9999999999995066,0.9999997551279027,128.07294233630074,64.73631259614885,3
53,운동장4,72.25578647496509,39.7469468712046,3.0,72.7810793257294,40.2722397219689,1.8072270086837658,1.4734616187519745,2.169204872246178,0.9999973858299549,0.9982660448200158,71.83175589835966,32.08480902715506,4
0,2공단3,24.935312617029748,13.348595487849906,1.0,25.46060546779405,13.873888338614208,1.8351456236627879,1.2806059358951405,2.471463039872754,0.9966700772061765,0.9601977957210672,24.496616591572593,11.148021103722687,5
29,삼성SDI3,46.05171666010929,28.81550527447303,1.0,46.577009510873594,29.34079812523733,1.5874486205884981,1.2251839328454486,1.9884204140642716,0.9979990801316391,0.9355880367618788,45.7431340995228,16.92762882504977,6
63,천안대로4,101.24207678073367,69.51431562335357,3.0,101.76736963149797,70.03960847411787,1.4529974088747888,1.224475218176695,1.697745024771458,0.999779590556066,0.9261213927935158,101.00412048043698,31.489804857083413,7
5,구상골4,79.67050502524648,53.599245339944275,4.0,80.19579787601079,54.12453819070858,1.481690201095846,1.2204410413933215,1.7639327674962704,0.9994551936439592,0.925495595465029,79.41747660632761,25.818231266383336,8
67,충무로4,37.22692305372788,22.94426481093291,1.0,37.75221590449218,23.469557661697213,1.608561032494641,1.2034881608618806,2.062010730503673,0.9959781917142615,0.923887269163924,36.907250294104706,13.962985483171796,9
47,쌍용동4,84.1050982502095,61.052622773834045,4.0,84.6303911009738,61.57791562459835,1.3743627117376274,1.1382011983842026,1.6289772532890625,0.996937742078843,0.7945857301950722,83.90844819414099,22.855825420306942,10
15,방아다리(이마트)4,66.27368712485853,56.455054617221286,3.0,66.79897997562283,56.98034746798559,1.1723161220305622,0.9467741325749929,1.417796616802177,0.8896195012010342,0.2841189960671335,66.18317069788445,9.728116080663163,11
31,삼용4,6.312649906424637,6.314758305182502,0.0,6.837942757188938,6.840051155946803,0.9996917568728954,0.4641271377581017,1.700090964527929,0.44880058516392457,0.23197298899309718,6.312811824335602,-0.0019464808468994121,12
45,신방3,7.109160166788054,7.114150430076771,0.0,7.634453017552355,7.639443280841072,0.999346776577132,0.48749554221661157,1.6589218535476944,0.4511346977164076,0.2233293568110672,7.1095033003820385,-0.004647129694732577,13
32,상수도민원센터3,7.163078465694432,7.168342440866398,0.0,7.688371316458733,7.693635291630699,0.9993158013120674,0.4889603032375806,1.6563627822313232,0.4512674568449079,0.22275126858070615,7.163437870373706,-0.004904570492691995,14
39,성성고가교3,8.794020082336962,8.815080750305244,0.0,9.319312933101262,9.340373601069544,0.997745200688132,0.5274728805776652,1.5890119569030057,0.4536947649981894,0.20545636110481857,8.795204512295395,-0.01987623800984828,15
42,수경마트4,8.831119814827218,8.85276097983569,0.0,9.35641266559152,9.378053830599992,0.9976923607606242,0.5282331157396546,1.5876629417397863,0.45371173761156,0.20506343079443978,8.832332001221806,-0.02042897861388404,16
1,계룡APT3,8.996157847400825,9.02053361622742,0.0,9.521450698165125,9.54582646699172,0.9974464475222881,0.5315595021849664,1.5817396964881643,0.45376478420668537,0.20331352611935533,8.997499210261418,-0.02303440596600126,17
43,수자인입구4,11.851356042885039,11.979767914742519,0.0,12.376648893649339,12.505060765506819,0.9897312076873962,0.5766754859784069,1.493301765706334,0.44780015163602266,0.17166583763708493,11.856750166072834,-0.12301774866968529,18
36,선경APT3,12.956020484053619,13.167021597261227,0.0,13.48131333481792,13.692314448025527,0.9845898139420808,0.5887411147019312,1.463136530085446,0.44117370899765246,0.1582451439808071,12.964115344618792,-0.20290625264243545,19
60,주공6단지4,34.38791157491191,32.208074620355426,1.0,34.91320442567621,32.73336747111973,1.0665937275313861,0.7880324443092921,1.379836663126091,0.6255678788265009,0.15417032658760532,34.35293036593393,2.1448557455785036,20
38,성거삼거리,13.359159355163706,13.608432877642217,0.0,13.884452205928007,14.133725728406517,0.9823632121304355,0.5924860164849969,1.452365624655054,0.4380258398543504,0.1531377821456755,13.368423833742035,-0.24000904390018185,21
46,쌍용도서관3,13.535689649019865,13.803254112347387,0.0,14.060982499784167,14.328546963111688,0.9813264761586534,0.5940189614914281,1.4476738817596835,0.4365159970292691,0.1508649697937134,13.545498717592304,-0.25775539475508324,22
61,차돌길3,15.004755325025613,15.465770725823743,0.0,15.530048175789915,15.991063576588044,0.9711704353753502,0.604338479647304,1.4088522132552255,0.4206023393975123,0.1311071982567706,15.01989928921359,-0.4458714366101528,23
50,여성회관4,117.2236106817998,103.65791033569617,5.0,117.7489035325641,104.18320318646047,1.1302100523999496,0.9645179006238106,1.3068109207734173,0.8980722752295969,0.1266686782022998,117.15521227217646,13.497301936480284,24
8,남부5,42.997117859520365,40.64451956328295,1.0,43.52241071028467,41.16981241404725,1.057143770114306,0.8080813333890836,1.333789597899313,0.6226540604403795,0.11759623449109789,42.967100645613606,2.3225810823306574,25
23,부성에너지주유소3,16.23750368773147,16.928270042164176,0.0,16.76279653849577,17.453562892928478,0.960422616363758,0.6097735901735851,1.376002243064451,0.4021802259996584,0.11349592907244828,16.258293404407542,-0.6699766377566334,26
59,저리교차로,16.812353779294288,17.635416012616353,0.0,17.33764663005859,18.160708863380655,0.9546789588713857,0.6113387969583245,1.3604284639990443,0.391859207024774,0.10504808705366755,16.836160598188343,-0.7992554144280106,27
16,방죽안5,66.76945897841684,62.52088788565353,3.0,67.29475182918114,63.04618073641783,1.0673882389565459,0.8627550443687985,1.2900417134609654,0.6873527891673106,0.08524063522601869,66.73406041826736,4.213172532613832,28
17,백석대삼거리,18.423768102173728,19.719765072481227,0.0,18.94906095293803,20.24505792324553,0.935984526434996,0.6125290382993546,1.3154395293777532,0.3566465070851303,0.08108118071764542,18.457394972775717,-1.2623700997055103,29
69,하신3,20.13310507501842,22.13159353351258,0.0,20.658397925782722,22.65688638427688,0.9117933318551201,0.6087466795854534,1.2648906935528668,0.30884791062992833,0.056499934544134524,20.179439407184667,-1.9521541263279119,30
48,쌍용아이파크4,20.465447846685624,22.629242760813135,0.0,20.990740697449926,23.154535611577437,0.9065498461974941,0.6074160279588571,1.254660774796633,0.298333415787497,0.05199249336015372,20.514536544380906,-2.1147062164322286,31
66,청솔4,20.48758673239168,22.662760878912344,0.0,21.012879583155982,23.188053729676646,0.9061941906863523,0.607320533332846,1.2539743008099955,0.2976195549423182,0.05169657359396664,20.5368622533843,-2.1258986255280448,32
56,인쇄창4,83.8585168772525,79.63829201413583,4.0,84.3838097280168,80.16358486490013,1.0526451613937802,0.8715125000177951,1.2479525490112746,0.6667133366595992,0.048376469974926437,83.830862750345,4.192570736209177,33
62,천고4,21.49616764290363,24.241887901669692,0.0,22.02146049366793,24.767180752433994,0.8891387644717605,0.6020636101486208,1.2220077727470269,0.2634269567635014,0.03889358946999692,21.55440225735351,-2.687485644316183,34
35,서북경찰서4,21.51921172093184,24.279225254618773,0.0,22.04450457169614,24.804518105383075,0.8887294031691768,0.6019227859333243,1.2212610646200341,0.2626099095137256,0.038618335601041415,21.577661369947347,-2.701563884671426,35
58,일봉회관4,21.82828205702485,24.78580657689629,0.0,22.353574907789152,25.311099427660594,0.8831530598532837,0.5999446285847995,1.2111729660226227,0.2515128958010092,0.035010309995637416,21.889660919317606,-2.8961456575786855,36
6,구성3,22.106963974303415,25.252141854119976,0.0,22.632256825067717,25.77743470488428,0.8779871652930377,0.5980182879776244,1.201958203088532,0.2412998711641121,0.031896687867323234,22.17105644407647,-3.0810854100435066,37
65,청삼4,22.177244409044093,25.371227058588598,0.0,22.702537259808395,25.8965199093529,0.8766636343136225,0.5975111177984336,1.1996163039523842,0.2386957259211272,0.03113330623592432,22.242032120178397,-3.129194938410201,38
9,도로원점3,22.19035547578816,25.393510078528642,0.0,22.71564832655246,25.918802929292944,0.8764157969996239,0.5974155505524006,1.199178603042149,0.2382087063808857,0.03099188969069998,22.25527337409166,-3.1382367044369808,39
3,공구단지4,22.213515197624453,25.432923323579647,0.0,22.738808048388755,25.95821617434395,0.8759772973484546,0.5972460060237609,1.1984048121710535,0.23734751075028232,0.030742857053594693,22.278663436659777,-3.1542598869198706,40
12,두정중4,22.44687766154211,25.833814249766927,0.0,22.972170512306413,26.35910710053123,0.8715079165880942,0.5954854542750625,1.1905631143824895,0.2286077931857543,0.028289170880058924,22.514373634338195,-3.319440615428732,41
4,공단4,22.736512462701434,26.341149110956476,0.0,23.261805313465736,26.866441961720778,0.865831260671178,0.5931682542405674,1.180715675097529,0.2176189411025802,0.02538842713276875,22.806990342266925,-3.534158768689551,42
14,모란APT4,22.97681238731449,26.770618052550354,0.0,23.50210523807879,27.295910903314656,0.8610119413609616,0.5911345927373414,1.172447419250525,0.20840242014399812,0.023107409153246983,23.049821820859187,-3.7207962316911676,43
49,쌍용초교4,23.210547166316736,27.196097962020072,0.0,23.73584001708104,27.721390812784374,0.8562283248117081,0.5890596691747091,1.1643182195761206,0.19936982612769866,0.021000954951083086,23.286069399435554,-3.910028562584518,44
30,삼성전관3,23.478776214690157,27.694158005521253,0.0,24.00406906545446,28.219450856285555,0.850621409597977,0.5865607254882038,1.154882153645688,0.18894568185800323,0.01872272154662989,23.557243720285587,-4.136914285235665,45
33,새말(한라APT입구)4,54.3496081497987,57.31387825121062,3.0,54.874901000563,57.83917110197492,0.9487497824582292,0.7483617701009798,1.1687767387339691,0.33069692645710885,0.01444411955968402,54.37652952267351,-2.93734872853711,46
37,선경APT4,24.269158398206,29.22700558049099,0.0,24.7944512489703,29.75229843125529,0.8333625486534953,0.5784631067445751,1.1263937688716747,0.15815454538044244,0.012889229999028128,24.3566918600679,-4.870313720423088,47
25,북부사거리,24.522234626228734,29.739924510272722,0.0,25.047527476993036,30.265217361037024,0.827601109821826,0.5756378597888872,1.1170507563501622,0.14837356120337558,0.01129923529481193,24.61279453071903,-5.127129979553693,48
7,굴울(변전소)4,24.72160151924424,30.152072210302602,0.0,25.24689437000854,30.677365061066904,0.8229811888912762,0.5733325272589059,1.1096132733118154,0.14073058060501925,0.010140119709977748,24.814588235170447,-5.337483975132155,49
40,성정롯데4,63.51384495429257,67.39284272349812,1.0,64.03913780505687,67.91813557426242,0.9428871576581455,0.7578065724441071,1.1446946860984444,0.3026706345783378,0.008016756355049528,63.54384592206157,-3.8489968014365488,50
20,번영로(갤러리아)4,25.787368260191467,32.48709415027248,0.0,26.31266111095577,33.012387001036785,0.7970541818175522,0.5598115665592954,1.0686674040503563,0.10150440911260576,0.005271307212762223,25.89397424757522,-6.593119902697264,51
22,봉정사거리,25.855536161734424,32.64460044617882,0.0,26.380829012498726,33.16989329694312,0.7953245063628207,0.5588777631051902,1.0659788365070662,0.09912519244790557,0.005031147416023704,25.963050735268688,-6.681549710910133,52
13,로데오4,26.105796333814535,33.231950560349226,0.0,26.631089184578837,33.75724341111353,0.7888999957802056,0.5553780213699241,1.05603504043571,0.09056307076762377,0.004216434143375389,26.216685656827508,-7.015264903521718,53
68,터미널4,41.828711948658494,48.82467457445111,1.0,42.354004799422796,49.34996742521541,0.8582377458223402,0.6534388413641049,1.0860470670348392,0.1419744189107615,0.0039055526535626112,41.903178647286246,-6.921495927164862,54
71,한방병원삼거리,26.525769730269502,34.251241238385205,0.0,27.051062581033804,34.77653408914951,0.7778538974495995,0.549251407387303,1.039085330414355,0.0768743538517366,0.003071250705934017,26.64246148976438,-7.608779748620826,55
52,용암4,26.86044980448728,35.095595232263676,0.0,27.385742655251583,35.62088808302798,0.7688113387689474,0.5441404525999695,1.0253385381635738,0.06665718594722267,0.002338956944303454,26.981891555409725,-8.113703676853952,56
10,동부4,26.918459116796726,35.24498511662094,0.0,27.443751967561028,35.77027796738524,0.76722221707597,0.5432338780107309,1.0229339623247693,0.06495416053814998,0.0022268504892338074,27.040735621983483,-8.204249494637455,57
11,두정역사거리,27.635960134417243,37.17239052015341,0.0,28.161252985181545,37.69768337091771,0.7470287420077079,0.5315118698564392,0.9926486268186338,0.04570463735973506,0.0011527853122539856,27.768844127689444,-9.403546392463962,58
2,고재4,27.816784777615915,37.68285229826359,0.0,28.342077628380217,38.20814514902789,0.7417810395619613,0.5284083174972858,0.9848549725425054,0.041414910551885696,0.0009609766949246198,27.95242535146581,-9.730426946797781,59
41,성정중(통계청)4,60.06598368047957,70.46340810936562,2.0,60.59127653124387,70.98870096012992,0.8535340936196923,0.6815289084170405,1.0415419303910698,0.09536355280893838,0.0006577608525080011,60.14292117398186,-10.320486935383755,60
24,부성초교4,48.55256648977557,59.470225176757765,1.0,49.077859340539874,59.99551802752207,0.8180254284666085,0.6358906781996941,1.0190910228046213,0.06646383226579092,0.0005938662854279446,48.64815643122296,-10.822068745534807,61
64,청당동입구4,28.89576958970964,40.96455127430004,0.0,29.421062440473943,41.489844125064344,0.7091147981127373,0.5086238032585774,0.9369597163784741,0.02080819564094059,0.00027688920385821866,29.048569506654147,-11.915981767645896,62
54,원형육교4,29.57432460433727,43.26485895248623,0.0,30.099617455101573,43.79015180325053,0.6873604273019964,0.49505641850070425,0.9055825568194753,0.012144049727570338,0.00010742564816447546,29.73855193674154,-13.526307015744688,63
28,불당현대4,68.99138831325102,84.16709864788666,3.0,69.51668116401532,84.69239149865096,0.820813770090819,0.6658687822652327,0.9891736509897473,0.0407829954435684,6.965164903940793e-05,69.08551355877772,-15.081585089108941,64
51,역말5,29.862770388032686,44.306536353161796,0.0,30.38806323879699,44.8318292039261,0.6778234075743621,0.48902189604230645,0.8919412709166573,0.009374213808182633,6.861274094000537e-05,30.03200744871748,-14.274528904444317,65
21,봉서4,30.1684056962308,45.455920671791475,0.0,30.6936985469951,45.98121352255578,0.6675269353632547,0.48245205831862625,0.8772857858480742,0.006969722479378574,4.126408592800683e-05,30.34305142015618,-15.112869251635296,66
27,불당4,99.3302987847386,116.23593418950459,5.0,99.8555916355029,116.76122704026889,0.8552119069549043,0.7194748249021423,1.0006817641496377,0.05074474807074422,2.2431789504780494e-05,99.40635493489098,-16.829579254613606,67
18,백석사거리,45.086952263275286,63.649147973671276,1.0,45.61224511403959,64.17444082443558,0.7107540716844377,0.5469508643478843,0.8922538719627623,0.006336495585695834,1.0452365442910502e-05,45.23889108153214,-18.410256892139138,68
19,백석충전소사거리,41.28145393682378,65.30601868736231,1.0,41.80674678758808,65.83131153812661,0.6350586948791905,0.4825894484093052,0.8047772398438761,0.0006293591591263939,3.1431575503894576e-07,41.47315499535234,-23.832863692009973,69
70,한들사거리,32.508639137287254,56.23963598668631,0.0,33.033931988051556,56.76492883745061,0.581942630151902,0.4259980297254076,0.7578845189224608,0.00025561054266429596,1.817882410115126e-07,32.72824168487779,-23.511394301808522,70
55,이수(3산업)4,33.02099862188543,59.2134179863726,0.0,33.546291472649735,59.7387108371369,0.5615503080423941,0.412141956407298,0.7299609743639646,8.78302200374833e-05,3.369392294415218e-08,33.25131311049057,-25.962104875882027,71
44,시청4,48.094477390632775,85.72562699219682,1.0,48.61977024139708,86.25091984296112,0.5637014692703581,0.43763626776794184,0.7029346902772479,4.029036005452249e-06,5.84454746904709e-11,48.32366188962402,-37.4019651025728,72
